Position,Wages,Count
Clin Instr-Vol,250,1
Nurse Practitioner Supv 2 Ex,475,1
Lifeguard,525,1
Clin Prof-Vol,1000,1
Gi Endoscopy Tchn 2 Pd,1027,1
Cmty Svc Case Mgr,1533,2
Speech Pathologist Sr Pd,1697,1
Lect Soe-Emeritus(Wos),1750,1
Visitor-Undergraduate (Wos),1900,1
Voc Nurse,2052,3
Reader-Non Gship/Non Rep,2145,1
Occupational Ther Cert Ast 2,2501,1
Patient Rcds Abstractor 4 Pd,2956,1
Admin Ast 3,2975,1
Res-Ay-1/9,3000,1
Driver,3168,3
Stdt 4 Anr,3175,1
Rsch Data Anl 2,3586,2
Producer Dir Ast,3609,1
Airport Svc Worker,3967,1
Assoc In ____-Ay-Gship,4489,1
Recreation Ther 1 Ex,4709,1
Veterinarian Sr Pd,5000,1
Prof Emeritus(Wos),5250,4
Tchn 1,5764,1
Art Model,6084,9
Librarian-Potntl Career Status,7354,1
Sterile Processing Tchn 1 Pd,7969,3
Parking Ops Spec 2,8069,1
Ultrasound Tchno Pd,8104,2
Continuing Educator I,8427,1
Non-Senate Acad Emeritus(Wos),8757,4
Cyto Tchno Pd,8850,1
Home Health Aide Pd,9551,2
Fire Fighter Stdt Rsdt Sr,9718,5
Genetic Cnslr Pd,9856,1
Vst Professor-Acad Yr-1/9 Pmt,10500,1
Lect-Miscellaneous/Part Time,10539,3
Vst Assoc Professor-Fiscal Yr,11056,2
Patient Escort Pd,11886,2
Fac Mgt Spec 4,12253,1
Ast Fire Chf Mgr 1,12869,1
Access Repr Sr Pd,13131,1
Patient Rcds Abstractor 3 Pd,13841,1
Survey Researcher 2,14272,2
Prof-Ay-Bus/Econ/Eng-Recalled,16518,1
Financial Svc Anl 4,17500,1
Stage Helper,17633,6
Hosp Med Transcriber Sr Pd,18026,1
Fire Fighter Stdt Rsdt,18207,10
Assoc Adj Prof-Ay,18359,1
Case Mgr Social Worker Pd,18491,1
Postdoc-Fellow,18508,6
Patient Biller 3 Pd,18598,2
Dietitian 1 Ex,19091,2
Vst Assoc Professor-Ay-1/9Th,20000,2
Professor Recalled-Acad Yr-1/9,21618,2
Surgical Tchn Pd,21806,1
Architectural Asc Nex,22015,1
Angiography Tchno Pd,22145,1
Assoc Adj Prof-Ay-B/E/E,23000,1
Survey Worker Sr,23047,2
Financial Anl 3,23333,1
Scene Tchn Ast,23410,7
Asst Prof-Ay-1/9-B/E/E,23680,1
Engr Ast,24064,1
Occupational Ther Cert Ast 3,24887,1
Vst Asst Professor-Acad Yr-1/9,25000,1
Radlg Tchno Prn Pd,25054,2
Ct Tchno Pd,25066,3
Prof-Ay-1/9-Bus/Econ/Eng-Recal,25197,1
Stdt Volunteer,25299,104
Phlebotomist Cert Tchn 2 Pd,25430,3
Auditor 3,25454,2
Writer Ast,26086,23
Rsdt Dir 1,26600,6
Vstg Ast Pro-Ay-Bus/Econ/Engr,26667,1
Adj Prof-Ay-B/E/E,26767,1
Non Evaluated Msp,27069,1
Vstg Prof-Acad Yr-Bus/Econ/Eng,28000,1
Nuc Med Tchno Sr Pd,28079,2
Rsdt Advisor,28111,6
Occupational Ther 2 Pd,28355,1
Blank Ast 3 Pd,29425,1
Radlg Ast Pd,30240,5
Television Tchn Prn Supv,30506,1
Visiting Professor - Fiscal Yr,30580,1
Ath Profl 1,30954,4
Dentist Diplomate Asc,31080,1
Res-Ay-1/9-B/E/E,31666,2
Wardrobe Tchn Sr,32359,1
Cook Sr Supv,32377,2
Blank Ast 1 Pd,32409,1
Asst Librarian-Temp Status,33508,1
Clin Lab Sci Pd,33567,3
Stdt Svc Advisor 3,33572,1
Res Assoc(Wos),33825,4
Supv Teacher Ed-Ay-Continuing,33944,1
Engr Aid,34100,1
Rsch Data Anl 3,34704,2
Translator Tchl,34962,2
Med Ctr Electr Tchn Trainee,35010,1
Pulmonary Tchn Pd,35500,3
Vis Assoc Proj Scientist,35909,1
Custodian Ast Supv,37066,1
Stdt 2 Non Uc,38158,25
Continuing Appt-Temp Aug-1/9,38482,1
Groundskeeper Ld,38640,1
Act Assoc Prof-Hcomp,39936,1
Written Comm Supv 2,40058,1
Ath Profl 2,40743,1
Med Ofc Svc Crd 3 Pd,41084,4
Pharmacy Tchn 3 Pd,41218,1
Fundraiser 2 Nex,41270,1
Reader-Non Stdnt,41682,13
Social Worker 1,41703,2
Child Life Spec 1 Pd,41760,3
Vis Assoc Prof,41804,3
Physcn Ast Pd,41921,1
Med Ctr Storekeeper,42054,1
Engr Aid Sr,42780,1
Publ Events Mgr Ast,43252,4
Med Ctr Cook Pd,43572,2
Custodian Supv,43912,1
Patient Biller 1,44055,1
Events Spec 4,44463,1
Phlebotomist,44567,1
Compensation Anl 2,44648,1
Buyer 1,45922,1
Security Guard Sr,45961,1
Phys Ther Ast 3,46026,1
Museum Preparator Prn,46357,1
Assoc Specialist Aes,46384,1
Geographic Info Sys Progr 1,46768,1
Radlg Ast 2,47770,1
Collections Repr Sr,48136,1
Fac Mgt Spec 2,48149,1
Photographer,48386,1
Auto Equip Opr Sr Pd,48783,3
Tchl Project Mgt Profl 1,49300,1
Food Svc Mgr,49691,1
Farm Mach Mech Ast,50039,1
Field Rsch Supv 1,50150,1
Visual Comm Supv 2,50178,1
Social Worker 2 Pd,50647,3
Publ Info Repr,51099,1
Mental Health Ther Supv,51353,1
Fac Mgt Spec 3,51569,1
External Rel Spec 1,52197,1
External Rel Spec 5 Anr,52397,1
Teachg Asst-Non Gship,52827,5
Landscape Architect Ast,53259,3
Ehs Spec 1 Nex,53900,1
Hvy Duty Equip Tchn Ast,53955,1
Museum Sci Prn Supv,54046,1
Security Guard Sr Supv,54317,1
Art Therapist,55015,2
Pest Cntrl Opr,55024,1
Financial Anl 2,55199,1
Parking Repr Ld,55307,1
Career Svc Spec 2,55523,2
Photographer Sr,55580,1
Phys Plt Opr Supv,55580,1
Resp Ther Pd,56206,1
Lrng Skls Cnslr,56288,8
Patient Rcds Abstractor 1,56650,1
Writer,56705,2
Reprographics Tchn Ld,57029,1
Stdt 3 Anr,57119,12
Asst Res-Ay,57214,2
Storekeeper Ast,57463,2
Museum Sci Sr Supv,57575,1
Cmty Educ Mgr 1,57611,1
Material Crd,57647,1
Publ Educ Spec 4,57781,1
Trainer 3,57867,1
Food Svc Worker Pd,58172,5
Cook Ast,58349,7
Artist,58516,2
Cmty Educ Spec 4,58836,1
Theater Prod Supv Sr Ex,59589,1
Prod Cntrl Anl 2,59808,1
User Experience Designer 4,60022,1
Parking Ops Enforcement Supv 1,60642,1
Publ Crd Sr,60653,1
Police Ofcr 1,61184,3
Recreation Supv Ast,61778,3
Bus Sys Anl 2 Nex,61826,1
Publications Prod Spec 4,61926,1
Stdt Affairs Ofcr 1 Supv,62329,2
Events Spec 2,63045,1
Music Ther Nex,63131,1
Orthopedic Tchn Prn,63207,1
Illustrator Sr,64342,2
Labor Rel Repr 3,64363,1
Advocate 4,64422,1
Publications Prod Supv 2,65606,1
Rsch Adm 2,65608,1
Operating Room Ast Pd,66012,3
Procurement Mgr 1,66080,1
Skld Crafts And Trades Supv 2,66518,2
Counseling Psychologist 1 Ex,66536,1
Ath Trainer Supv,66675,1
Publ Educ Spec 3,67216,2
Hosp Blank Ast 2 Supv,67325,1
Tree Trimmer Ld,67601,1
Gen Accountant 3,67621,1
Storekeeping Supv 1,67808,1
Dev Engr Ast Supv,68359,1
Sys Admst Mgr 1,69070,1
Mri Tchno Pd,69807,4
Lab Glassblower Prn,69851,1
Geographic Info Sys Supv 2 Anr,70498,1
Database Adm 3,70576,2
HR Generalist 3,71017,1
Hosp Lab Tchn 2 Supv,71200,1
Laundry Machine Opr,71296,2
Food Svc Mgr Prn,71555,1
Progr 3 Supv,71697,1
Phys Plt Mech 3,72055,1
Lect-Fy,72077,2
Parking Supv Prn,72195,1
Accountant 4,72237,1
Financial Aid Ofcr 2,72279,1
EEO Repr 3,72604,1
Stdt 4 Non Uc,73780,19
Psychometrist,74066,4
Dietetic Ast Pd,74103,6
Lrng Skls Cnslr Ast,74148,14
Gi Endoscopy Tchn 3,74189,1
Landscape Architect Sr,74212,1
Med Ctr Food Svc Mgr 1,74226,1
Roofer Ld,74313,1
Asst Adj Prof-Ay,75069,1
Landscape Architect Asc,75533,1
Comm Supv 2,75678,1
Glazier,75878,1
Enterprise Risk Mgt Anl 4,76019,1
Radlg Tchno Sr Pd,76105,2
Field Rsch Supv 2,76126,1
Av It Spec 4,77274,1
Survey Worker,77406,11
Publ Crd Prn,77968,1
Patient Rcds Abstractor 3 Supv,77993,1
Transit Maint Mgr,78392,1
Steamfitter Worker Ld,78453,1
Optometrist Ex,78580,1
Accelerator Opr Prn,78604,1
Statistician Ast,79196,2
Radlg Tchno Sr Supv,79519,1
Auto Attendant,79564,2
Home Health Nurse Pd,79701,4
Sys Admst Supv 2 Anr,79799,1
Artist Sr Supv,79851,1
Parking Ops Enforcement Mgr 1,79855,1
Translator Pd,79923,9
Events Supv 2,79930,1
Architectural Asc Prn Supv,79966,1
Farm Maint Worker,80495,2
Ventilation Mech Ld,81005,1
Orthoptist,81200,1
Clin Lic Social Worker Pd,81408,6
Fac Project Mgt Spec 3,81867,1
Admin Ofcr 4,82345,1
Food Svc Worker Sr Pd,82596,7
IT Security Anl 3,83776,1
Data Sys Anl 1,84425,2
Phys Ther 4,84580,1
Producer Dir Prn,84969,1
Asst Librarian-Potntl Career,84999,2
Acad HR Mgr 1,86008,1
Applications Prg Supv 2 Anr,86106,1
Media Comm Mgr 2,86625,1
Electrocardiograph Tchn Prn,86641,1
Assoc Res-Ay-B/E/E,87364,1
Electrn Appr,87437,2
Planner Sr,87505,1
Buyer 5,88631,1
Organizational Cnslt 4,89091,1
Lab Mechn Helper,89624,2
Mgn Producer Dir,89741,1
Instructional Designer 4,89852,1
Agriculture Mgr 1,90645,1
Equip Opr,91171,2
Hvac Mech Ld,91402,1
EEO Repr 4,91773,1
Intern-Vet Med/Non Rep,92288,7
Ehs Spec 1 Supv,92449,1
Child Life Mgr,92803,1
Reg Dental Ast,92957,2
Asst Adj Prof-Ay-B/E/E,93815,3
Specialist Aes,93993,1
Baker,94303,7
Parking Supv Sr,94601,2
Acad HR Anl 2,94760,2
Ombudsperson 3,94883,1
Comm Mgr 1 Anr,95035,1
Asst Agron Aes-Ay,95912,1
Auditor 5,95973,1
Mail Svc Supv,96183,3
Financial Svc Anl 1,96350,2
Academic Administrator IV,96420,1
Skld Crafts And Trades Mgr 1,96613,1
Publ Safety Dispatcher Supv,96624,1
Organizational Cnslt 3,97550,2
Contracts And Grants Supv 2,97862,1
Mail Processor Prn,98021,2
Academic Administrator V,98758,1
Applications Progm Mgr 1,98873,1
Geographic Info Sys Progr 4,99149,1
Digital Comm Spec 4,99175,2
Bus Sys Anl 1 Nex,99175,2
Enterprise Risk Mgt Anl 1,99428,2
Prg Repr 3 Supv,99642,2
Refrigeration Mech Ld,100105,1
Publ Events Mgr Sr Supv,100133,2
Stdt Acad Spec 4,100215,2
Med Ast Pd,100287,9
Dietitian Pd,100300,6
Asst Agron Aes-B/E/E,100632,1
Storekeeper Sr Supv,101020,2
Asst Adj Prof-Fy-B/E/E,102075,1
Advocate 3,102142,2
Alarm Electrn Ld,102472,1
Med Rcds Adm Prn Supv,103472,1
Med Ctr Storekeeper Sr,103953,2
Hosp Unit Svc Crd Pd,104163,5
Info Sys Mgr 1,104916,1
Lab Helper,105272,12
Labor Rel Mgr 1,105477,1
Qa Release Mgt Anl 4,105562,1
Buyer 1 Supv,105929,2
Enterprise Risk Mgr 1,106549,1
Stdt 3 Non Uc,107027,30
Dev Tchn 4,107028,2
Applications Prg Supv 2,107841,1
Geographic Info Sys Progr 2,109349,2
Cyto Tchno Supv,109644,1
Bldg Maint Supv Sr,109801,2
Marketing Spec 3,110512,2
Non-Phys Clin Train,110660,3
EEG Tchno Prn,111018,1
Producer Dir,111774,2
Auditor 2 Ex,112480,2
Tut-Non Stdnt,112486,4
External Rel Supv 2,112698,1
Anesthesia Tchn,113117,2
Audiologist Nex,113582,2
Lab Mechn Sr,113988,2
Sr Lect-Fy-Continuing,114411,1
Architect Sr,114465,1
Remd Tut II-Gship,114777,41
Ast To Blank 2 Supv,115326,2
Drafting Tchn Prn,115772,2
Audiologist Sr Supv,116137,1
Asst Res-Fy-B/E/E,116239,2
Bus Sys Anl Supv 2,116288,1
Faculty Recruitment Allow,117600,2
Exec Ast Or Spc Ast,118944,1
Prosthetist Orthotist Sr,119519,1
Med Ast 2 Pd,119909,7
Hosp Lab Tchn 4,119922,1
Enterprise Risk Mgt Anl 3,120394,2
Clin Spec Supv Nex,120792,1
Organizational Dev Mgr 1,120793,1
Med Ofc Svc Crd 2 Pd,120891,8
Stdt Acad Mgr 1,121276,1
Ehs Tchn Prn,122010,3
Financial Svc Supv 1,122209,2
Dev Tchn 2,123007,4
Museum Sci Ast,123667,6
Resp Ther 4 Supv,123686,1
Financial Svc Mgr 2,123849,1
Qa Release Mgt Anl 2,124868,2
Nurse Practitioner 1,126523,1
Ehs Spec 5,126883,2
Mental Health Ther 2,127093,2
Contracts And Grants Mgr 2,127442,1
Stdt Health Physcn 5 Pd,127598,3
Theater Prod Supv,127783,3
Vis Assoc Res,128181,7
Stores Supv,128219,2
Ultrasound Tchno Sr Pd,128290,6
Med Ofc Svc Crd 3 Supv,128407,3
Angiography Tchno Ld,128483,1
Exec Advisor 4,128644,1
Project Policy Anl 1,128673,3
Tchl Project Mgt Profl 2,128866,2
Mail Processor,129024,5
Lect-Ay-1/9-Continuing,129355,4
Elevator Mech Ld,129417,1
Ehs Tchn Sr,129430,3
Financial Anl 4,129725,2
Auto Tchn Supv,129782,2
Ehs Mgr 3,130000,1
Marketing Mgr 2,130146,1
Phys Ther 5,130184,1
Vis Proj Scientist,130206,5
Dev Tchn 5,130704,2
Fire Spec 1 56 HRs Non Hzmt,131023,3
Operating Room Ast 2,131152,2
Veterinarian Lam Ast,131399,5
Ehs Spec 2 Nex,131626,2
Resp Ther 5,131681,1
Television Engr,131921,2
Storekeeper Sr Ld,132150,2
Applications Progr 1,132520,4
Supv Teacher Ed-Ay,132576,10
Collections Repr,132730,3
Auto Equip Opr Prn Supv,133762,2
Clin Lic Social Worker Chf Asc,134655,1
Educ Fac Planner,134858,2
Photographer Prn,134921,2
Locksmith Ld,134994,2
Electr Tchn Sr,135158,2
Employment Mgr 1,136821,1
Library Ast 5,137101,3
Architectural Asc Ex,137582,2
Pharmaceutical Svc Chf Asc,138545,1
Occupational Ther 4 Supv,138619,2
Cabinet Maker,138793,2
Med Ctr Envir Svc Mgr 1,138799,3
Phys Ther 4 Supv,139027,1
Agron Aes-Sft-Vm,139071,1
Occupational Ther Cert Ast 1,139099,3
Acad HR Anl 3,139424,2
Supv Pe-Ay,139589,1
Training Dev Mgr 2,139955,1
Deputy Dir,140489,2
Tchn Sr Supv,140871,3
Lrng Skls Cnslr Prn Supv,140889,3
Cmptl And Data Sci Rsch Spec 3,141251,2
Speech Pathologist Nex,141294,2
Bldg Maint Worker,141572,6
Recreation Prg Instr,142955,72
Farm Mach Mech,143359,3
Assoc Agron Aes-Sft-Vm,143752,1
Financial Svc Anl 2,144263,3
Television Tchn Sr,144719,3
Organizational Cnslt 2,146397,3
Food Svc Worker Prn,146850,7
Locksmith,147489,3
Bioinformatics Progr 3,148156,2
External Rel Mgr 1,149197,2
Fundraiser 4,149287,2
Bus Tchl Supp Supv 1,150587,2
Comm Spec 5,150870,2
Clin Lic Social Worker Chf,151483,1
Nuc Med Tchno Sr Supv,152352,1
Bus Tchl Supp Supv 2,152567,2
Project Policy Anl 4,152620,3
Academic Coord II-Ay,153285,2
Auto Tchn Ld,153947,2
Hosp Med Transcriber,154762,3
HR Anl 4 Supv,154785,2
Spectroscopist,155332,3
Bldg Maint Supv,155999,3
Stdt Health Physcn 3,156472,1
Asst Prof In Res-Sft-Vm,156609,1
Stdt Activities Appt Official,157142,100
Law Librarian,157210,1
Rad Ther Tchno Chf,157808,1
Events Spec 3,157831,3
Hosp Ast 2 Pd,158272,11
Dietitian Chf,158782,1
Counseling Psychology Mgr 1,159176,2
Med Ctr Food Svc Worker Sr,160746,4
Scene Tchn Prn,160837,3
Financial Svc Mgr 1,163038,2
Speech Pathologist Pd,163826,5
Sr Lect Soe-Hcomp,163973,1
Cmty Educ Supv 1,164136,3
Tree Trimmer,164347,3
Lab Ast 4 Supv,164746,4
Plumber Ld,164956,2
Genetic Cnslr 2 Nex,165052,3
Hvy Offroad Equip Mech,165780,3
Dentist Ast,166024,2
Stdt Health Physcn 4 Pd,167769,1
Vis Asst Proj Scientist,168038,7
Continuing Appt-Temp Aug,168158,3
Rad Equip Spec Supv,168444,1
Reprographics Tchn Sr,168521,4
HR Mgr 2,169568,1
Psychologist 1,169587,3
Police Chf Mgr 3,170242,1
Pulmonary Tchn 2,170367,2
Case Mgr Pd,170400,6
Child Life Spec 2 Nex,170787,4
Unclassified,171133,34
Accountant 5,171158,2
Audit Profl 5,171159,1
City And Campus Fire Chf Mgr 3,171870,1
Assoc Res-Fy-B/E/E,172065,3
Child Dev Demo Lect-Continuing,172917,3
External Rel Mgr 3,173095,1
Patient Escort Sr,173701,4
Machinist,174853,4
Admin Mgr 3,175091,2
External Rel Spec 2,175130,5
Patient Care Dialysis Tchn 1,176788,3
Food Svc Mgr Ast Supv,177055,4
Reprographics Tchn Prn,178169,4
Phys Ther 3,179002,3
Ehs Supv 2,180105,2
Academic Appt,180425,15
Pulmonary Tchn 4,181287,2
Act/Interim Director,182299,1
Resp Ther 3,182586,2
Custodian Ld,182642,4
Med Ctr Security Ofcr Sr Supv,183350,3
Electr Tchn,183498,4
Phys Plt Mech 2,183879,4
Digital Comm Mgr 1,184677,2
Progr 5 Supv,186611,2
Electr Tchn Sr Supv,186927,3
Project Policy Anl 2,187637,4
Counseling Psychologist 1 Nex,188164,3
Info Sys Anl 4,189695,2
Delivery Worker,191021,13
Academic Coord I-Ay,191253,3
Compensation Mgr 1,191946,2
Lab Mechn Prn,192593,3
Asst Adj Prof-Sft-Vm,192973,2
Cook Pd,193270,8
Electrn Ld,193602,2
Stdt 2 Anr,194053,50
Asst Agron Aes-Ay-B/E/E,194462,2
Med Ofc Svc Crd 1,195284,5
Procurement Supv 2,196767,2
Grounds Equip Opr,197323,4
Dosimetry Chf,198406,1
Publ Events Mgr,198879,11
Sys Admst Supv 1,199451,2
Database Adm 4,199650,3
Anl 10,199720,2
Home Health Aide,200395,5
Prosthetist Orthotist,200880,2
Television Tchn,201164,4
Ast To Dean Dir Chair 2,201491,2
Comm Spec 3,201949,6
Instructional Designer 3,203141,3
Auto Tchn,203399,3
Med Ctr Food Svc Mgr 3,203547,2
Radlg Equip Spec,203839,2
Writer Editor 4,203958,3
Bioinformatics Progr 5,206088,2
Comm Mgr 4,206640,1
Nurse Mgr,207282,2
Dev Tchn 3,207527,4
Water And Wastewater Opr Appr,207616,4
Sr Lect Soe-Fy,207838,1
Digital Comm Spec 3,207842,3
Stdt Aid Outside Agency,208108,161
Marketing Mgr 1,208773,2
Bus Sys Anl 4,208808,2
Publ Crd,209360,5
Proj Scientist-Fy-B/E/E,210158,2
Custodial Mgr 1,210982,3
Med Ctr Envir Svc Worker 2,211026,4
User Experience Designer 3,212374,3
Info Sys Anl 5,212702,2
Non Evaluated Pss Nex,213243,24
Audit Mgr 3,213500,1
Vis Res,213621,12
Histo Tchno Supv Nex,213789,2
Exec Advisor 5,214910,1
Med Ast 2 Supv,214945,5
Med Ctr Food Svc Worker Prn Pd,215015,10
Nursery Tchn Sr,215050,5
Roofer,215244,3
Progr 4 Supv,216831,4
Data Sys Anl 2,218850,4
Rsch Adm 3,219107,3
Agriculture Supv 1,221249,4
HR Anl 7 Supv,221896,2
Ehs Mgr 1,222042,2
Ehs Spec 2 Supv,222558,3
Spc Stdt Bya,222848,212
Recreation Supv,223656,6
Architect Sr Supv,224217,2
Farm Maint Worker Sr,225056,4
Design Const Project Mgr 2,225862,3
Surgical Tchn,226115,4
Publ Info Repr Sr,227022,3
Clin Rsch Crd Sr Supv,227118,3
IT Architect 3,228669,3
Ehs Spec Ast,229547,4
Biomed Equip Supv,230172,2
Clin Spec Supv Ex,230340,2
Info Sys Supv 1,230627,3
Scene Tchn Sr,231395,8
Ehs Spec 3 Supv,232424,3
Editor Prn,232858,5
Career Svc Spec 4,232993,3
Storekeeper Ld,233140,3
Counseling Psychologist 4,233962,2
HR Generalist 2,234202,5
Speech Pathologist Sr Supv Ex,234817,2
Fac Mgr 1,235134,2
Pharmaceutical Svc Chf,236708,1
Tchn Prn,236882,5
Med Ctr Food Svc Mgr 2,237203,3
Exec Advisor Mgr 1,237752,2
Physcn Mgr 1,238280,1
Auto Equip Opr,238311,7
Buyer 2,239009,5
Adj Prof-Fy-B/E/E,240637,2
HR Mgr 4,242370,1
External Rel Spec 4,242481,4
Hvy Equip Operating Engr,244374,4
Med Interpreter Pd,245015,16
Nursery Tchn,246050,7
Rad Ther Tchno Pd,246219,5
Med Ctr Custodian Sr Pd,246516,17
Univ Librarian,246720,1
Fire Chf Ast,247194,2
Asst Adj Prof-Fy,249512,4
Accountant 4 Supv,249663,3
Lab Ast 4,249870,6
Chf Campus Counsel,251320,1
Ath Profl 3,251375,5
Anesthesia Nurse Prn,251560,1
Exec Advisor Mgr 3,251635,1
Optometrist Prn,252143,2
Marketing Spec 5,252337,1
Security Guard,252586,7
Vis Prof,254193,8
Adj Prof-Sft-Vm,254297,2
Patient Rcds Abstractor 4 Supv,255368,3
Comm Mgr 2,255730,2
Scene Tchn,258805,26
Asst Prof-Fy-B/E/E,260144,2
Hosp Rad Physicist Supv,260593,1
Lect Soe-Fy,261238,2
Admin Mgr 1,263240,2
Comm Mgr 1,263314,3
Insp Planner Est Sr Ex,264229,3
Hs Asst Clin Prof-Fy,265376,2
Project Policy Anl 5,266582,4
Adm Crd Ofcr Asc,266629,2
Radlg Tchno Chf Asc Ex,270263,2
Lab Mechn,271494,5
Publ Educ Supv 2,272430,6
VC Stdt Affairs,273318,1
Auto Tchn Ast,273414,5
Counseling Psychologist 3,274452,3
Reader-Non Gship,275760,117
Grounds Supv Ex,278189,4
Library Ast 5 Supv,278704,5
Mgn Counsel 3,278732,1
Occupational Ther 1 Nex,278803,4
Tchl Project Mgt Profl 4,280981,4
Hosp Ast 3 Pd,281649,25
Planning Spec 3,281654,3
Physcn Ast Sr Supv,281765,1
HR Anl 5 Supv,281811,3
Dosimetrist,283766,2
Med Ofc Svc Crd 4,286259,5
Clerk Sr Or Secr,287555,18
Assoc Res-Sft,287874,2
Perfusionist Prn Supv,288161,1
Deaf Translator Interpreter,288802,7
Computing Resc Mgr 2,291263,3
Tchl Project Mgr 2,291601,2
Access Supv,291791,5
Farm Seasonal Worker Pd,293234,26
Dosimetrist Sr,293617,2
Bioinformatics Progr 2,293856,6
Dean Univ Ext,294030,1
Irrigation Spec,294310,7
Tchn 4 Nex,295583,6
Clin Rsch Crd Ast,296646,9
Blank Ast 2 Supv,297475,6
Recall Teaching,299669,23
Progr 1,301142,11
Med Ctr Cook Sr,301180,6
Med Ctr Bldg Maint Worker Sr,303129,6
Publ Events Mgr Prn,303178,4
Ultrasound Tchno Prn,303216,3
Auditor 4,303258,4
Buyer 5 Supv,304254,4
Accountant 2 Ex,304831,5
Statistician Prn,307040,5
HR Anl 1,308557,7
Elevator Mech,309151,3
Buyer 4,310511,5
HR Anl 7,310844,3
Assoc Adj Prof-Fy,311229,3
Lrng Skills Cnslr Sr Ex,313943,9
Tchl Project Mgt Profl 3,315950,4
Tchn Ast,316733,15
External Rel Mgr 2,317539,4
Transplant Crd 1,318282,2
Lect Soe-Ay,318954,4
Social Worker 2,320750,5
Stores Supv Sr,321083,5
Ctrl Sterile Tchn Supv,321378,4
Dietitian Sr Supv,323084,3
Phlebotomist Cert Tchn 3,324630,4
Publ Events Mgr Sr,326455,6
Hosp Ast 1 Pd,326933,34
Med Ofc Svc Crd Ld 3,327424,7
Counsel 3,328708,2
Academic Administrator III,331623,3
Cmty Health Prg Repr Ast,331660,19
Hs Clin Prof-Fy,331943,2
Med Ctr Stores Worker,332424,7
Custodial Supv 2,334009,7
Architectural Asc Sr,336019,5
Ehs Spec Prn,336914,3
Assoc Res-Ay,337002,3
Fundraiser 3,337298,7
VC IT,340626,1
Library Ast 4 Supv,343813,7
Access Repr Sr,347451,7
Resp Ther 4,347872,3
Farm Laborer,349038,14
Optician,351479,8
Statistician,352109,10
Admin Ofcr 2,353483,10
Producer Dir Sr,354726,5
Polysomnography Tchno Sr,354807,4
Recreation Supv Sr,356431,12
Adj Prof-Fy,356740,6
Psychologist 2 Supv,357128,3
Sys Admst Supv 2,357924,4
Ath Trainer,357987,9
Ct Tchno Ld,360819,3
Asst Agron Aes,361765,4
Television Tchn Prn,364980,7
Lect-Fy-Continuing,365512,4
Ast To Dean Dir Chair 1,365762,5
Histo Tchno 2,366595,6
Museum Sci Prn,366774,6
Pgy I Pharmacy Resid/Non Rep,367435,16
Cement Mason Floorer,369058,6
Chf Nurse Ofcr,369827,1
Mri Tchno Ld,371118,4
Cyto Tchno Sr,374237,3
Audiologist Sr Ex,376141,4
VC Dev And Univ Rel,376503,1
Farm Mach Mech Sr,377634,5
Stdt Health Physcn 5,377704,3
Accountant 3,378436,5
Database Adm 5,379132,4
Radlg Equip Spec Sr,379399,4
Phlebotomist Cert Tchn Supv,383158,4
Med Ctr Envir Svc Supv 2,383211,12
Act Prof-Ay-Law,384356,3
Vis Asst Res,385361,14
Engr Sr,387434,4
VC Rsch,389013,1
Nurse Practitioner Pd,389239,7
Exec Vc And Provost,389772,1
EEG Tchno Sr,390886,4
Radlg Tchno Pd,392654,14
Data Sys Anl 3,393026,6
Stores Worker,398018,11
Pharmacist Sr Mgr,400723,2
Exec Ast 4,401112,6
Parking Ast,403486,14
Assoc Vice Provost,406968,2
Reg Resp Ther Pd,407271,11
Library Ast 4,407849,12
Voc Nurse Pd,409446,16
Phys Ther 2 Pd,410907,8
Computing Resc Mgr 1,413074,4
CIO Med Ctr,413365,1
CFO Health Sys And Campus,415125,1
Writer Editor 3,415288,10
Res-Ay-B/E/E,415870,2
Orthopedic Tchn Sr,417269,7
Prg Repr 1,419227,21
Marketing Spec 4,423871,5
Chan,425349,1
Admin Ofcr 3,426787,7
Child Life Spec 1 Nex,427247,10
Custodial Supv 1,429114,11
Clin Lab Sci Spec Sr,429749,3
Engr Prn,432799,3
Dev Engr Sr Supv,435790,5
Museum Sci Sr,437647,8
Qa Release Mgt Anl 3,439981,7
Genetic Cnslr 3 Ex,444970,5
Anl 10 Supv,446329,3
Tut-Non Gship,447074,296
External Rel Spec 3,447891,11
Vis Assoc Prof-Hcomp,448155,6
Engr Sr Supv,448880,4
Architect Prn,449141,3
Home Health Nurse 4,449446,4
Stdt Acad Spec 3,449527,9
Design Const Project Mgr 6,450657,4
Ehs Mgr 2,452721,4
Storekeeper,455307,12
Info Sys Anl 2,457021,9
Project Policy Anl 3,459408,14
Pharmacy Tchn Supv,462166,6
Counsel 4,463209,2
HR Anl 6 Supv,465203,5
HR Anl 8 Supv,466116,4
Med Ctr Storekeeper Ld,467205,8
Academic Administrator VI,470473,5
Police Lieutenant Msp,470480,4
Bioinformatics Progr 4,472067,6
Buyer 3,475714,7
Assoc Prof-Fy-B/E/E,476723,4
Clin Lab Sci Spec Supv Sr Ex,477072,4
Library Ast 2,478077,15
Agricultural Tchn,478475,22
Dietetic Ast,479709,12
Prof-Ay-1/9-B/E/E,479996,1
Museum Sci,482789,16
Laborer,490147,18
Resp Ther 3 Supv,491949,4
Dev Engr Asc Supv,492047,6
Progr 6 Supv,492950,5
Agriculture Supt Prn,493998,8
HR Mgr 3,494354,3
Ast Physcn,499500,6
CFO Med Ctr,508173,1
Sheetmetal Mech,508825,8
Gardener Groundskeeper,509221,11
Prof In Res-Sft-Vm,510375,3
Cmty Health Prg Mgr,511516,8
CMO Med Ctr,512222,1
Cmty Health Prg Chf Ast,513095,6
Engr Asc,514705,7
Dietitian Prn Supv,517590,5
Parking Repr Sr,517807,11
Accountant 1,518806,10
Optometrist Sr,526859,6
Faculty Asst To Chanc,527383,2
Pgy II Pharmacy Resid/Non Rep,532246,13
Blank Ast 3 Supv,538322,13
Hs Assoc Clin Prof-Fy,538609,4
Assoc Librarian -Career Status,539990,8
Clin Rsch Supv,540678,6
Tchn 4 Supv,543372,7
Biomed Equip Tchn 3,544128,5
Recreation Supv Prn,544909,9
Hosp Lab Tchn 3 Supv,547926,6
IT Architect 4,549761,6
Gi Endoscopy Tchn 2,550069,9
Vice Provost,550117,3
Mail Processor Sr,550198,14
Statistician Sr,552977,8
Mental Health Ther 1,554002,15
Computer Resc Spec 1,561828,17
Hvy Duty Equip Tchn,564035,8
Med Ctr Food Svc Worker Ld,566139,11
Tchl Project Mgt Profl 5,568256,6
Nurse Practitioner 3,569680,4
Anl 9,572618,5
Ventilation Mech,572807,8
Clin Spec Ex,578099,9
Editor,578828,18
Pulmonary Tchn 3,580783,9
Physcn Ast Sr,586375,3
Agriculture Supv 2,589819,9
Asst Prof-Fy,591227,8
Design Const Project Mgr 4,593873,6
Radlg Tchno Chf,593875,4
Editor Sr,595790,13
Rad Ther Tchno Sr,601873,5
Med Ctr Food Svc Supv 2,602852,10
Hosp Blank Ast 3 Supv,603679,12
Admin Mgr 4,604832,3
Case Mgr Supv,605646,4
Continuing Educator II,609368,7
Psychologist 3,612405,5
Division Adm,612944,8
Biomed Equip Tchn 2,616195,7
Biomed Equip Tchn 1,621735,8
Storekeeper Sr,624821,14
Lect In Summer Session,628329,44
Prog Coord,630695,12
Faculty Asst To Provost/Dean,632647,4
Mgt Svc Ofcr 1,633398,9
Res-Ay,636585,5
Water And Wastewater Opr,637287,8
Stdt Affairs Ofcr 5 Supv Ex,638292,8
Psychology Intern Ex,639557,33
Bus Tchl Supp Anl 3,639748,11
High Volt Electrn,645546,7
Med Ctr Security Ofcr,646032,17
Career Svc Spec 3,650116,11
Agricultural Tchn Sr,662493,16
Fire Spec 2 56 HRs,674962,7
Agriculture Supt Sr,675332,12
Clin Lic Social Worker Supv,688151,7
Histo Tchno 3,689818,8
COO Med Ctr,695778,1
Assoc Specialist Coop Ext,701016,7
Home Health Nurse 2,706750,6
VC And Dean Som,708108,1
Tchn 3 Supv,708208,12
Cmty Health Prg Repr Sr,709838,18
Hosp Lab Tchn 1,711749,13
Cook Sr,717370,23
Data Sys Anl 4,727529,8
Publ Safety Dispatcher,728280,9
Admin Spec 2 Supv,729807,14
Ultrasound Tchno Prn Supv,731062,5
Phys Ther Ast 2,737792,14
Food Svc Worker,739307,35
Steamfitter,752058,10
Phys Plt Supt Sr,753592,8
Med Ofc Svc Crd 5 Supv,759822,10
Dev Engr Prn,768547,7
Fire Spec 1 56 HRs,772250,7
Clin Spec Nex,774598,14
Assoc Proj Scientist-Fy-B/E/E,783429,10
Stdt Affairs Ofcr 2 Supv,787397,14
Voc Nurse Sr Supv,787757,11
Supv,788002,14
HR Anl 3,790391,15
Pharmacy Tchn 2 Pd,791193,35
Cmty Educ Supv 2,802664,16
Publ Educ Spec 1,808548,24
Angiography Tchno,811468,7
Resp Ther 1,811596,9
Rad Ther Tchno,818593,10
Sr Lect Soe-Ay,819853,8
Patient Rcds Abstractor 2,824235,13
Sys Adm 2,826823,13
Continuing Educator III,828779,6
Cmty Health Prg Mgr Supv,829840,11
Phys Plt Supt Ast,833835,10
Tchn Prn Supv,835747,17
Occupational Ther 2 Nex,836498,9
Lect Psoe-Ay-100%,839449,16
Ehs Spec 1 Ex,845640,13
Assoc Agron Aes,846088,8
Sterile Processing Tchn 1,846189,14
Med Interpreter 1,849632,23
Auto Equip Opr Prn,854007,25
Pharmacist 2 Pd,857653,26
Reader-Gship,869746,159
Sys Adm 5,869777,10
Radlg Tchno Prn Supv,870625,7
Vis Asst Prof,873849,23
HR Anl 5,884343,14
Refrigeration Mech,885127,16
Cmty Educ Spec 3,892397,25
Insp Planner Est Ex,902488,11
Info Sys Anl 3,916954,14
Hosp Lab Tchn 4 Supv Nex,921732,9
Occupational Ther 3 Ex,924916,11
Vis Asst Prof-Hcomp,928948,11
Non Evaluated Pss Ex,936670,34
Police Sergeant,947086,9
Physcn Diplomate Sr,953566,8
Info Sys Supv 2,961620,10
Sterile Processing Tchn 3,963833,14
HR Anl 2,969207,18
Fire Captain 56 HRs,970279,7
Electr Tchn Prn,977102,13
Pharmacist Spec,980781,5
Phys Plt Supt,990674,11
Transplant Crd 2,995996,7
Applications Progr 5,999717,11
Cardiovascular Tchn,1002290,7
Phys Plt Mech Supv Ex,1012536,13
Admin Spec 1,1029194,21
Stdt Affairs Ofcr 4,1030019,18
Fundraiser 4 (Pss),1033602,14
Adj Prof-Hcomp,1041128,12
Hosp Med Transcriber Sr,1043960,19
Design Const Project Mgr 3,1044688,13
Cogen Opr,1053832,15
Hvac Cntrl Tchn,1054517,14
Res-Sft,1057566,6
Med Ctr Cook,1058841,35
Sra 5,1059219,14
Sra 2 Supv,1059325,20
Asst Proj Scientist-Fy-B/E/E,1059363,20
Teacher-Unex,1061665,21
Perfusionist Sr,1063225,5
HR Anl 6,1066335,14
Progr 2,1070821,26
Pulmonary Tchn 1,1073621,13
Patient Biller Supv 4,1079698,16
Agricultural Tchn Prn,1085627,23
Operating Room Equip Spec 2,1093801,12
Patient Biller 4,1095642,22
Anl 1 Supv,1097075,20
Radlg Ast 1,1103067,34
Design Const Project Mgr 5,1108452,12
CEO Med Ctr,1114446,1
Academic Coord III-Fy,1125162,13
Publ Educ Spec 2,1129228,27
Surgical Tchn Prn,1135866,15
Case Mgr Social Worker,1140112,11
HR Anl 4,1150906,18
Cmty Health Prg Repr,1152131,33
Ctrl Heat Cooling Plt Opr,1158084,16
Speech Pathologist Sr Ex,1159337,12
Res-Fy-B/E/E,1159427,7
Dietitian Sr,1161046,13
Asst Specialist Coop Ext,1164740,16
Prg Repr 3,1168287,22
Nurse Practitioner Supv 3,1175677,7
Pharmaceutical Svc Chf Ast,1190971,7
Applications Progr 2,1192182,23
Lab Ast 1,1203395,108
Lab Ast 2,1204211,63
Food Svc Worker Sr,1207682,53
Bldg Maint Worker Sr,1209946,24
Painter,1211953,23
Academic Coord I-Fy,1213908,20
Sys Adm 4,1216144,16
Ehs Spec 4,1242280,16
Anl 9 Supv,1242963,11
Artist Sr,1265022,22
Director,1287249,6
Assoc Coop Ext Advisor,1291497,19
Progr 8 Supv,1322486,12
Physcn Ast,1325343,10
Nuc Med Tchno Sr,1325986,12
Hosp Lab Tchn 3,1333236,17
Library Ast 3,1334909,38
Cmty Health Prg Supv,1336779,24
Act/Interim Dean,1345673,5
Writer Sr,1352846,33
Tchn Sr,1359374,32
Exec Ast 3,1387769,25
Patient Biller Supv 5,1399838,16
Physcn Sr,1403216,5
Dev Engr Ast,1405046,30
Mri Tchno,1406238,12
Bus Sys Anl 3,1409069,22
Dir Ast,1409263,10
Patient Escort,1413153,37
Anesthesia Tchn 2,1427241,18
Admin Spec 1 Supv,1442843,25
Asst Specialist,1455534,39
Comm Spec 4,1459284,19
Emergency Trauma Tchn Sr,1464595,35
Stdt Affairs Ofcr 3 Supv,1467816,23
Admin Nurse,1479263,14
Dev Engr Sr,1480488,22
Ct Tchno,1495344,16
Groundskeeper,1498694,36
Carpenter,1499681,24
Auto Equip Opr Sr,1515793,41
Recall Non-Faculty Acad,1527163,45
Fundraising Mgr 3,1550487,12
Patient Biller 2,1572824,35
Med Ofc Svc Crd 4 Supv,1618183,27
Electrocardiograph Tchn Sr,1644329,31
Asst Prof In Res-Hcomp,1650215,13
Clin Nurse 1,1665349,46
Progr 7 Supv,1665808,17
Recall Hcomp,1674751,15
Surgical Tchn Sr,1760194,31
Clin Nurse 5,1761518,12
Phys Ther 3 Ex,1816528,19
Specialist,1822474,24
Stdt Health Physcn 4,1826889,11
Radlg Tchno Sr,1832548,18
Plumber,1832873,27
Intercol Ath Head Coach Ex,1843237,21
Vice Chan Ast,1851113,10
Asst Adj Prof-Hcomp,1859971,25
IT Architect 5,1870284,19
Dietitian 2,1873060,30
Assoc Specialist,1876034,40
Hosp Blank Ast 1,1877840,52
Intercol Ath Coach Ast Ex,1883635,63
Custodian,1897973,79
Psychologist 2,1899024,25
Asst Coop Ext Advisor,1911278,37
Sterile Processing Tchn 2,1924000,35
Assoc Adj Prof-Hcomp,1926987,21
Asst Prof-Sft-Vm,1933181,14
Counseling Psychologist 2,1939161,29
Blank Ast 1,1940188,76
Radlg Tchno Prn,1960278,19
Mgt Svc Ofcr 2,1986095,25
Agron Aes-B/E/E,2021877,12
Med Ctr Envir Svc Worker 1,2075310,67
Operating Room Ast 1,2086537,49
Ehs Spec 2 Ex,2102243,25
Clin Lab Sci Spec,2145737,19
Transplant Crd 3,2148212,12
Hosp Blank Ast 2,2166661,57
Fundraising Mgr 2,2169741,21
Home Health Nurse 3,2170994,18
Sra 2,2173080,55
Clin Rsch Crd Sr Nex,2181792,34
Proj Scientist-Fy,2192390,27
Computer Resc Spec 2,2196494,46
Stdt Affairs Ofcr 4 Supv,2202799,32
Prof Of Clin-Fy,2214508,15
Prg Repr 2,2218582,52
Cook,2246164,93
Mgt Svc Ofcr 3,2286084,24
Ehs Spec 3,2320998,29
Hosp Lab Tchn 2,2324549,35
Tchn 2,2346986,76
Librarian-Career Status,2358734,25
Assoc Prof Of Clin-Fy,2369927,17
Dean,2381154,9
Lab Ast 3,2427803,78
Dir Asc,2448659,20
Recall Faculty,2455079,58
Spec,2472946,23
Pharmacy Tchn 3,2473453,39
Sra 3 Supv,2482614,39
Pharmacist Supv,2515981,14
Assoc Res-Fy,2528242,31
Asst Prof Of Clin-Fy,2576620,23
Cmty Educ Spec 1,2590184,119
Asst Res-Fy,2610391,38
Clin Lab Sci Supv Nex,2642560,19
Academic Administrator VII,2670461,17
Veterinarian Sr,2683115,24
Assoc Prof In Res-Hcomp,2684015,18
Fundraiser 5,2696484,30
Phys Ther 2 Nex,2735922,29
Bus Tchl Supp Anl 2,2751150,53
Police Ofcr,2751610,35
Lect-Ay-1/9,2795917,176
Veterinarian Lam Asc,2811549,49
Vice Chan Asc,2945764,14
Dean Ast,3009764,20
Anl 2 Supv,3052199,50
Res-Fy,3054912,32
Assoc Prof-Fy,3067378,29
Phys Plt Mech,3113572,61
Sys Adm 3,3140262,44
Chief Resid Phys-Non Rep,3165913,61
Assoc Prof-Sft-Vm,3176678,21
Progr 3,3183040,69
Asst Prof-Hcomp,3201859,25
Applications Progr 3,3222398,48
Prof-Fy-B/E/E,3226692,18
Phlebotomist Cert Tchn 2,3256211,60
Resid Phys I/Non Rep,3262109,123
Dev Engr Asc,3303172,52
Hosp Blank Ast 3,3363902,71
Assoc Proj Scientist-Fy,3408722,56
Applications Progr 4,3466610,43
Resp Ther 2,3496383,32
Med Ctr Food Svc Worker Prn,3552633,110
Oth Post-Md Train 2-8/Non Rep,3564474,80
Clin Rsch Crd,3670411,79
Stdt Affairs Ofcr 1,3735708,175
Asst Prof-Ay-B/E/E,3750655,34
Sra 4 Supv,3780301,52
Mgt Svc Ofcr 4,3835283,39
Academic Coord II-Fy,3836511,54
Resid-Vet Med/Non Rep,3937290,125
Electrn,3969261,53
Access Repr Prn,4056108,81
Progr 6,4195695,53
Assoc In __ -Ay-1/9-Gship,4225097,253
Pharmacy Tchn 2,4233314,80
Radlg Tchno,4249806,47
Assoc Prof-Hcomp,4253553,32
Progr 5,4265432,66
Clin Nurse 4,4330773,26
Teacher-Unex-Contract Yr,4333368,427
Reg Resp Ther 1,4410651,53
Sra 4,4535289,80
Anl 3 Supv,4603881,72
Cmty Educ Spec 2,4691744,181
Progr 4,4906494,78
Tchn,4948867,144
Patient Rcds Abstractor 3,4999863,77
Anl 6 Supv,5021564,55
Anl 8,5099842,58
Anl 8 Supv,5106363,46
Clin Lic Social Worker,5112048,60
Anl 5 Supv,5119788,63
Anesthetist Nurse Sr Ex,5152951,27
Progr 7,5239853,56
Patient Rcds Abstractor 4,5313292,59
Anl 4 Supv,5323279,76
Sra 1,5329290,164
Ultrasound Tchno Sr,5357311,51
Stdt Affairs Ofcr 3 Ex,5383666,101
Anl 7 Supv,5403157,57
Med Ast 2,5536321,126
Med Ast 1,5610001,139
Prof-Ay-Law,5675151,31
Pharmacist Sr Ex,5778941,38
Lect-Ay,5887539,170
Hosp Unit Svc Crd 3,5931203,140
Voc Nurse Sr,6199130,110
Assoc Prof-Ay-B/E/E,6209988,41
Tchn 3,6370280,138
Resid Phys/Subspec 4-8/Non Rep,6579789,144
Adm Crd Ofcr,6780196,54
Specialist Coop Ext,6927418,49
Prof In Res-Hcomp,7147679,35
Custodian Sr,7426876,218
Stdt 4,7540879,1793
Patient Biller 3,7569826,153
Blank Ast 4,8241715,167
Assoc Dean,8514561,33
Stdt 3,8665285,3065
Case Mgr Nex,8856012,84
Lect-Ay-Continuing,8888167,132
Stdt 2,9087133,3713
Med Ctr Custodian Sr,9517552,265
Stdt Affairs Ofcr 2,9757314,210
Nurse Practitioner 2,9961549,73
Asst Proj Scientist-Fy,10960057,217
Agron Aes,11016943,69
Med Ofc Svc Crd 2,11136874,291
Clin Lab Sci,11160535,119
Asst Prof-Ay,11186889,138
Admin Nurse 4,11222232,65
Prof-Sft-Vm,11291981,65
Nurse Pd,11293486,262
Staff Pharmacist 2,11636912,91
Anl 1,11890231,297
Sra 3,11923021,236
Assoc Prof Of Clin-Hcomp,12000753,46
Coop Ext Advisor,12013941,122
Anl 5,12230212,182
Sra 2 Nex,12291925,284
Anl 7,12470815,137
Anl 4,12764218,213
Med Ofc Svc Crd 3,12848602,265
Anl 6,13161648,173
Asc Physcn Diplomate,14561576,125
Assoc Prof-Ay,15193344,156
Blank Ast 2,15451828,494
Anl 3,15727370,291
Dir,16399356,110
Jr Specialist,16660045,891
Anl 2,16910243,361
Asst Prof Of Clin-Hcomp,17566185,73
Prof-Fy,19455264,119
Hs Assoc Clin Prof-Hcomp,19965912,80
Resid Phys II-Viii/Non Rep,24010052,469
Mgr,26625022,218
Admin Nurse 2 Nex,26743540,176
Teachg Asst-Gship,28015896,2000
Hs Asst Clin Prof-Hcomp,28209574,139
Prof-Ay-B/E/E,28955406,153
Hs Clin Prof-Hcomp,30957308,108
Gsr-Full Fee Rem,31577634,1847
Prof Of Clin-Hcomp,31602010,95
Postdoc-Employee,33061934,1004
Asc Physcn,37012103,211
Blank Ast 3,38111881,914
Prof-Hcomp,40279148,154
Prof-Ay,53093112,354
Clin Nurse 3,55301022,410
Clin Nurse 2,193136079,1776
